text,label,notes
"I've been trying to wrap my head around this and I think I understand it partially, but correct me if I'm wrong. Entropy increases because isolated systems evolve toward higher probability configurations. Also, does this always apply in real-world cases or only ideal conditions?",Concept Explanation,
My professor mentioned something interesting today about this. Electric fields are defined as force per unit charge acting on a test particle. I tried connecting it with my intuition but it still feels abstract.,Concept Explanation,
"From what I read in class notes and online discussions, Newton's laws describe how forces govern motion in classical mechanics. I'm confused about the assumptions though, especially when systems are not isolated.",Concept Explanation,
I was solving a physics problem and got stuck halfway. A 5kg block is pushed with a force of 20N on a frictionless surface. I set up the equations but I'm not sure if I'm applying F=ma correctly.,Problem Solving,
Can someone help me verify my approach? A projectile is launched at 30 degrees with initial velocity of 20 m/s. I tried using standard equations but my answer doesn't match the solution key.,Problem Solving,
This is from my homework and I keep getting inconsistent results. Two resistors of 10 ohms each are connected in parallel. I think I might be misunderstanding the setup.,Problem Solving,
"I understand the math behind this, but I'm struggling with the meaning of it. Does relativity imply that time is relative to the observer's frame of reference? Or is it just a mathematical model?",Interpretation,
I've seen different interpretations of this concept and I'm confused. Does quantum mechanics suggest that reality is fundamentally probabilistic or just incomplete knowledge?,Interpretation,
"This concept keeps bothering me philosophically. Does entropy define an arrow of time in thermodynamic systems, or is that just human interpretation?",Interpretation,
I just learned this and honestly it's blowing my mind. Black holes can actually slow down time dramatically near event horizons. I didn't expect physics to go this deep.,Reaction/Curiosity,
This is so weird to think about. Quantum entanglement appears to correlate particles instantly over distance. I can't fully process it no matter how many times I read it.,Reaction/Curiosity,
I'm honestly fascinated and confused at the same time. Time dilation means astronauts age slightly slower in orbit. Physics feels almost unreal sometimes.,Reaction/Curiosity,
"I've been trying to wrap my head around this and I think I understand it partially, but correct me if I'm wrong. Energy conservation means total energy remains constant in isolated systems. Still feels weird in real life situations.",Concept Explanation,
My professor mentioned something interesting today. Momentum is conserved in isolated systems. I tried connecting it with intuition but it still feels abstract when collisions are involved.,Concept Explanation,
"From what I read online, Newton's laws describe motion under applied forces. But I don't understand how friction fits into idealized problems.",Concept Explanation,
I was stuck on this problem in class. A car accelerates from rest at 2 m/s^2 for 5 seconds. I set up kinematics equations but got confused midway.,Problem Solving,
Can someone check my solution? A ball is dropped from 50m height. I tried using v^2 = u^2 + 2as but my answer seems off.,Problem Solving,
This is homework and I'm not sure if I'm doing it right. Find equivalent resistance for two 10 ohm resistors in series. My answer doesn't match the key.,Problem Solving,
I understand the equations but not the meaning. Does spacetime curvature mean gravity is not a force but geometry? Or is that just a model?,Interpretation,
Does relativity mean there is no universal 'now' across the universe? I'm confused about what is actually real versus coordinate-based.,Interpretation,
Does wave function collapse actually happen physically or is it just a mathematical tool?,Interpretation,
I can't believe black holes actually exist and bend light like that. Physics feels like science fiction sometimes.,Reaction/Curiosity,
"Quantum mechanics makes absolutely no sense to me. The more I learn, the more confusing it becomes.",Reaction/Curiosity,
Gravity bending spacetime is insane to think about. I don't think my brain is built for this subject.,Reaction/Curiosity,
"I've been trying to wrap my head around this and I think I understand it partially. Work-energy theorem relates work done to change in kinetic energy, but I'm unsure when it applies.",Concept Explanation,
My professor explained that electric current is flow of charge per unit time. But I still get confused in circuit problems.,Concept Explanation,
"From lecture notes, heat is energy transfer due to temperature difference. But in real systems there are always losses.",Concept Explanation,
I was solving a problem and got stuck. A force of 10N acts on 2kg mass. I tried using F=ma but got confused with direction.,Problem Solving,
Can someone help? A projectile is thrown upward at 20 m/s and I need max height. I'm not sure which equation to use.,Problem Solving,
This is confusing me. Calculate voltage across a 5 ohm resistor with 2A current. My answer seems wrong.,Problem Solving,
I understand the math but not the meaning. Does entropy mean everything tends toward disorder or is that oversimplified?,Interpretation,
Is time dilation actually something physical or just how we measure time differently?,Interpretation,
Does quantum tunneling mean particles actually go through barriers or is it probability?,Interpretation,
Physics is honestly blowing my mind right now. I never expected it to be this deep.,Reaction/Curiosity,
Why is physics always so counterintuitive? I feel like I'm missing something fundamental.,Reaction/Curiosity,
This is actually crazy to think about. Light has no mass but still has momentum.,Reaction/Curiosity,
"I was trying to understand this and I think I get it. Acceleration is change in velocity over time, but real problems feel harder.",Concept Explanation,
Electric field lines go from positive to negative charge. I'm confused how that works in 3D space.,Concept Explanation,
Momentum equals mass times velocity. But collisions still confuse me in practice.,Concept Explanation,
I got stuck on this problem. Find acceleration of 5kg object with 20N force. My answer doesn't match solution.,Problem Solving,
Can someone help me with this? A block slides down a frictionless incline and I need acceleration.,Problem Solving,
I'm not sure if I'm doing this right. Work done by 20N force over 5m.,Problem Solving,
Does relativity mean time is not absolute or is it just perspective?,Interpretation,
Does entropy define time's arrow or is that just a statistical effect?,Interpretation,
Does quantum mechanics imply reality is fundamentally uncertain?,Interpretation,
I can't process how black holes work. It's just too strange.,Reaction/Curiosity,
Physics feels like it should be impossible but it works somehow.,Reaction/Curiosity,
This subject is way harder than I expected but also fascinating.,Reaction/Curiosity,
"I was reviewing notes and I think I understand this. Energy cannot be created or destroyed, only transformed.",Concept Explanation,
"Electric resistance opposes current flow, but I'm confused in mixed circuits.",Concept Explanation,
Newton's first law says objects remain in motion unless acted upon by force.,Concept Explanation,
I was stuck on this. A 10kg mass accelerates at 3 m/s^2. Find force.,Problem Solving,
Calculate kinetic energy of a 3kg object moving at 4 m/s.,Problem Solving,
Find equivalent resistance of two resistors in parallel.,Problem Solving,
Does spacetime curvature mean gravity is geometry or is that just a model?,Interpretation,
Does relativity imply simultaneity is not absolute?,Interpretation,
Does wave-particle duality mean light is both particle and wave simultaneously?,Interpretation,
I just learned about black holes and I'm honestly amazed.,Reaction/Curiosity,
Quantum entanglement feels like it shouldn't be possible.,Reaction/Curiosity,
I feel like physics changes how I see reality.,Reaction/Curiosity,
I understand entropy conceptually but still feel unsure about real systems.,Concept Explanation,
Electric field is force per unit charge but I'm confused about direction.,Concept Explanation,
Work is force times displacement but only in direction of force.,Concept Explanation,
I was solving this and got confused. A car accelerates at 2 m/s^2 for 6 seconds.,Problem Solving,
Find velocity of object after 3 seconds of constant acceleration.,Problem Solving,
Calculate gravitational force between two masses.,Problem Solving,
Does relativity mean time depends on observer?,Interpretation,
Does quantum mechanics mean nature is probabilistic?,Interpretation,
Does entropy always increase or are there exceptions?,Interpretation,
I can't believe how weird quantum physics is.,Reaction/Curiosity,
This is honestly mind blowing.,Reaction/Curiosity,
Physics is breaking my intuition in every way.,Reaction/Curiosity,
,,
"I understand time dilation equation but still feel like time itself is changing physically, not just measurement. I'm not sure if that's correct or not.",Interpretation,hard_case: ambiguous Concept vs Interpretation
"I was solving a force problem and used F=ma, but conceptually I still feel mass should matter differently in real life. The math works but intuition feels off.",Problem Solving,hard_case: ambiguous Problem vs Concept Explanation
"I was reading about gravitational time dilation and I think I understand the equation, but I still feel like time itself is actually slowing down physically rather than just being observed differently. Not sure if that's correct.",Interpretation,
My professor gave us a problem where a 6kg block is pushed with 18N force and I used F=ma but I keep second guessing whether I'm missing friction or something else in real life situations.,Problem Solving,
"I understand entropy increases in isolated systems, but I still don't get why nature prefers disorder. Is it just probability or something deeper?",Interpretation,
I can't believe photons have momentum even though they have no mass. That just doesn't sit right with me intuitively.,Reaction/Curiosity,
"Electric field is force per unit charge, but I keep getting confused when multiple charges interact in space.",Concept Explanation,
A ball is thrown upward at 25 m/s. I tried using kinematics but I'm not sure how to handle the sign of acceleration.,Problem Solving,
Does quantum mechanics actually mean reality is uncertain or just that we cannot measure it properly?,Interpretation,
Physics feels like it keeps breaking my intuition the more I learn.,Reaction/Curiosity,
"Newton's second law says F=ma, but I'm confused why heavier objects don't always fall faster in real life.",Concept Explanation,
Find velocity of a 3kg object after applying 12N force for 4 seconds.,Problem Solving,
Does spacetime curvature literally mean space is physically bending or is it just a mathematical representation?,Interpretation,
I just learned about black holes and I'm honestly still trying to process how anything can escape or not escape depending on horizon.,Reaction/Curiosity,
"Work done is force times displacement in direction of force, but I get confused when angles are involved.",Concept Explanation,
A car accelerates at 2 m/s^2 for 8 seconds. Find final velocity and distance.,Problem Solving,
Does relativity imply there is no universal present moment across the universe?,Interpretation,
I can't stop thinking about how weird quantum entanglement is.,Reaction/Curiosity,
"Momentum is conserved in closed systems, but collisions still confuse me conceptually.",Concept Explanation,
Two resistors of 5 ohms and 10 ohms are in parallel. Find equivalent resistance.,Problem Solving,
Does entropy define time's arrow or is it just statistical behavior?,Interpretation,
This subject is way more confusing than I expected.,Reaction/Curiosity,
"Electric current is flow of charge, but I'm confused how electrons actually move in circuits.",Concept Explanation,
A projectile is launched at 30 degrees with 15 m/s velocity. Find range.,Problem Solving,
Does wave function collapse physically happen or is it just interpretation?,Interpretation,
Quantum physics honestly feels unreal.,Reaction/Curiosity,
"Energy conservation means total energy stays constant in isolated systems, but I don't see how that applies in everyday life.",Concept Explanation,
Find force on 10kg object accelerating at 4 m/s^2.,Problem Solving,
Does relativity mean time is different for every observer?,Interpretation,
I don't think my brain can fully understand this stuff.,Reaction/Curiosity,
"Acceleration is change in velocity over time, but I get confused when velocity is negative.",Concept Explanation,
Calculate kinetic energy of 5kg object moving at 6 m/s.,Problem Solving,
Does quantum mechanics imply reality is fundamentally probabilistic?,Interpretation,
Physics is honestly blowing my mind.,Reaction/Curiosity,
"Electric resistance opposes current flow, but I don't understand how it works in parallel circuits.",Concept Explanation,
A block slides down a frictionless incline. Find acceleration.,Problem Solving,
Does spacetime geometry replace gravity as a force?,Interpretation,
Black holes are still insane to think about.,Reaction/Curiosity,
"Work-energy theorem connects work and kinetic energy, but I'm unsure when to apply it.",Concept Explanation,
Find acceleration of 7kg object under 21N force.,Problem Solving,
Does uncertainty principle limit reality or just measurement?,Interpretation,
This feels like science fiction sometimes.,Reaction/Curiosity,
"Electric field lines go from positive to negative charge, but 3D visualization confuses me.",Concept Explanation,
Find equivalent resistance of two resistors in series.,Problem Solving,
Does entropy always increase or are there exceptions?,Interpretation,
I can't believe how strange physics gets at small scales.,Reaction/Curiosity,
"Newton's laws describe motion under forces, but friction complicates everything in real life.",Concept Explanation,
Find velocity after 5 seconds of constant acceleration 3 m/s^2.,Problem Solving,
Does wave-particle duality mean light is both wave and particle at the same time?,Interpretation,
Physics is breaking my intuition.,Reaction/Curiosity,
"I understand potential energy depends on height, but I'm confused when multiple forces act together.",Concept Explanation,
Find gravitational force between two masses 2kg and 3kg at 1m distance.,Problem Solving,
Does relativity imply time is not absolute at all?,Interpretation,
I can't process how weird this subject is.,Reaction/Curiosity,
"Heat is energy transfer due to temperature difference, but real systems are messy.",Concept Explanation,
A car starts from rest and accelerates at 2 m/s^2 for 6 seconds. Find distance.,Problem Solving,
Does quantum tunneling mean particles actually pass through barriers?,Interpretation,
This is honestly fascinating and confusing at the same time.,Reaction/Curiosity,
"Momentum equals mass times velocity, but collisions still confuse me.",Concept Explanation,
Find force on 15kg object accelerating at 2 m/s^2.,Problem Solving,
Does spacetime curvature mean gravity is geometry?,Interpretation,
Quantum entanglement feels impossible.,Reaction/Curiosity,
"Electric current is charge flow per second, but I don't understand drift velocity.",Concept Explanation,
Find kinetic energy of 2kg object moving at 8 m/s.,Problem Solving,
Does entropy define direction of time?,Interpretation,
Physics feels overwhelming sometimes.,Reaction/Curiosity,
"Energy cannot be created or destroyed, only transformed.",Concept Explanation,
Find acceleration of 4kg object with 16N force.,Problem Solving,
Does relativity remove universal simultaneity?,Interpretation,
I just can't wrap my head around this.,Reaction/Curiosity,
"Electric field strength is force per unit charge, but I struggle with direction conventions.",Concept Explanation,
Find voltage across 10 ohm resistor with 2A current.,Problem Solving,
Does quantum mechanics mean reality is uncertain?,Interpretation,
Black holes bending time is wild.,Reaction/Curiosity,
Newton's first law says objects stay in motion unless acted on by force.,Concept Explanation,
Find work done by 25N force over 4m.,Problem Solving,
Does time dilation mean time literally slows down?,Interpretation,
Physics is honestly insane.,Reaction/Curiosity,
,,
"I understand the equation for time dilation, but I still feel like time itself is physically changing rather than just being observed differently.",Interpretation,hard_case
"I was solving a force problem using F=ma, but intuitively I still feel like mass should affect acceleration differently in real life situations.",Problem Solving,hard_case
"I was revising Newton's laws and I understand them individually, but I still get confused when multiple forces act in different directions on the same object.",Concept Explanation,
A particle moves with constant acceleration. I know the equations but I struggle choosing the correct one in word problems.,Problem Solving,
Does relativity mean that simultaneity depends entirely on the observer's frame of reference?,Interpretation,
I just read about black holes again and it's still hard to believe they actually exist.,Reaction/Curiosity,
"Electric potential difference is energy per unit charge, but I'm not sure how it connects to actual circuits.",Concept Explanation,
A 2kg object is moving at 5 m/s. Find kinetic energy.,Problem Solving,
Does quantum mechanics imply that particles don't have definite states until measured?,Interpretation,
Physics feels like it should not make sense but somehow it does.,Reaction/Curiosity,
"Work is force times displacement in direction of force, but angles make it confusing.",Concept Explanation,
A block slides down a 30° incline. Find acceleration ignoring friction.,Problem Solving,
Does entropy define the direction of time or is it just statistical behavior?,Interpretation,
I can't believe how weird spacetime concepts are.,Reaction/Curiosity,
Momentum conservation makes sense mathematically but collisions still confuse me.,Concept Explanation,
Find force required to accelerate 8kg object at 3 m/s^2.,Problem Solving,
Does spacetime curvature mean gravity is geometry instead of a force?,Interpretation,
I feel like physics constantly breaks intuition.,Reaction/Curiosity,
"Electric current is flow of charge, but electron movement in wires still confuses me.",Concept Explanation,
A ball is dropped from 45m. Find impact velocity.,Problem Solving,
Does wave-particle duality mean light behaves as both wave and particle simultaneously?,Interpretation,
Quantum entanglement is honestly mind blowing.,Reaction/Curiosity,
"Energy conservation means total energy remains constant, but real life always feels lossy.",Concept Explanation,
Find equivalent resistance of 3 resistors in series.,Problem Solving,
Does relativity remove the concept of absolute time completely?,Interpretation,
This is honestly hard to wrap my head around.,Reaction/Curiosity,
Electric field lines represent direction of force on positive charge.,Concept Explanation,
A projectile is launched at 25 m/s at 40 degrees. Find range.,Problem Solving,
Does quantum tunneling mean particles actually cross barriers?,Interpretation,
Physics is more confusing the more I study it.,Reaction/Curiosity,
"Acceleration is change in velocity per unit time, but negative acceleration confuses me.",Concept Explanation,
Find velocity after 4 seconds of constant acceleration 2 m/s^2.,Problem Solving,
Does uncertainty principle mean we cannot know reality precisely?,Interpretation,
I can't believe how strange quantum physics is.,Reaction/Curiosity,
"Newton's second law relates force, mass, and acceleration.",Concept Explanation,
Find acceleration of 12kg object under 36N force.,Problem Solving,
Does entropy always increase in isolated systems?,Interpretation,
Black holes still feel unreal to me.,Reaction/Curiosity,
Work-energy theorem connects work to kinetic energy change.,Concept Explanation,
Find work done by 40N force over 5m.,Problem Solving,
Does relativity mean time depends on velocity and gravity?,Interpretation,
This subject is overwhelming but fascinating.,Reaction/Curiosity,
Electric resistance opposes current flow in a circuit.,Concept Explanation,
Find kinetic energy of 6kg object moving at 3 m/s.,Problem Solving,
Does spacetime curvature fully explain gravity?,Interpretation,
I still can't fully process quantum entanglement.,Reaction/Curiosity,
Newton's first law says objects stay in motion unless acted upon.,Concept Explanation,
Find voltage across resistor with 3A current and 4 ohms resistance.,Problem Solving,
Does quantum mechanics imply probabilistic reality?,Interpretation,
Physics is honestly fascinating and confusing.,Reaction/Curiosity,
Heat transfer occurs due to temperature difference between systems.,Concept Explanation,
Find force on 9kg object accelerating at 2 m/s^2.,Problem Solving,
Does time dilation mean time actually slows down?,Interpretation,
I can't believe how weird physics gets at fundamental levels.,Reaction/Curiosity,
Momentum equals mass times velocity and is conserved in isolated systems.,Concept Explanation,
A car accelerates from rest at 3 m/s^2 for 5 seconds. Find distance.,Problem Solving,
Does wave function collapse physically happen?,Interpretation,
This feels like science fiction sometimes.,Reaction/Curiosity,
,,
I understand relativity equations but still feel like time is physically changing rather than just being relative between observers.,Interpretation,hard_case
"I was solving a mechanics problem and used F=ma correctly, but I still feel like mass should affect acceleration differently in real-world intuition.",Problem Solving,hard_case
